[{"model": "admin.logentry", "pk": 1, "fields": {"action_time": "2022-08-25T19:50:07.640Z", "user": 1, "content_type": 9, "object_id": "1", "object_repr": "Hospital object (1)", "action_flag": 1, "change_message": "[{\"added\": {}}]"}}, {"model": "admin.logentry", "pk": 2, "fields": {"action_time": "2022-08-25T19:53:37.542Z", "user": 1, "content_type": 9, "object_id": "1", "object_repr": "Test 1", "action_flag": 2, "change_message": "[{\"changed\": {\"fields\": [\"Name\"]}}]"}}, {"model": "admin.logentry", "pk": 3, "fields": {"action_time": "2022-08-25T19:54:19.097Z", "user": 1, "content_type": 9, "object_id": "2", "object_repr": "Hospital 2", "action_flag": 1, "change_message": "[{\"added\": {}}]"}}, {"model": "admin.logentry", "pk": 4, "fields": {"action_time": "2022-08-25T19:54:41.338Z", "user": 1, "content_type": 10, "object_id": "1", "object_repr": "Department object (1)", "action_flag": 1, "change_message": "[{\"added\": {}}]"}}, {"model": "admin.logentry", "pk": 5, "fields": {"action_time": "2022-08-25T19:59:58.808Z", "user": 1, "content_type": 11, "object_id": "1", "object_repr": "code red", "action_flag": 1, "change_message": "[{\"added\": {}}]"}}, {"model": "admin.logentry", "pk": 6, "fields": {"action_time": "2022-08-25T20:01:36.232Z", "user": 1, "content_type": 11, "object_id": "1", "object_repr": "123", "action_flag": 2, "change_message": "[{\"changed\": {\"fields\": [\"Cc code\"]}}]"}}, {"model": "admin.logentry", "pk": 7, "fields": {"action_time": "2022-08-25T20:33:55.096Z", "user": 1, "content_type": 9, "object_id": "2", "object_repr": "Alta Bates", "action_flag": 2, "change_message": "[{\"changed\": {\"fields\": [\"Name\", \"Location\"]}}]"}}, {"model": "admin.logentry", "pk": 8, "fields": {"action_time": "2022-08-25T20:34:25.005Z", "user": 1, "content_type": 9, "object_id": "1", "object_repr": "Herrick", "action_flag": 2, "change_message": "[{\"changed\": {\"fields\": [\"Name\", \"Location\"]}}]"}}, {"model": "admin.logentry", "pk": 9, "fields": {"action_time": "2022-08-25T20:34:55.398Z", "user": 1, "content_type": 9, "object_id": "3", "object_repr": "Merritt", "action_flag": 1, "change_message": "[{\"added\": {}}]"}}, {"model": "admin.logentry", "pk": 10, "fields": {"action_time": "2022-08-25T20:35:21.798Z", "user": 1, "content_type": 9, "object_id": "4", "object_repr": "Providence", "action_flag": 1, "change_message": "[{\"added\": {}}]"}}, {"model": "admin.logentry", "pk": 11, "fields": {"action_time": "2022-08-25T20:35:41.214Z", "user": 1, "content_type": 9, "object_id": "5", "object_repr": "Peralta", "action_flag": 1, "change_message": "[{\"added\": {}}]"}}, {"model": "admin.logentry", "pk": 12, "fields": {"action_time": "2022-08-25T20:38:06.854Z", "user": 1, "content_type": 11, "object_id": "1", "object_repr": "36010", "action_flag": 2, "change_message": "[{\"changed\": {\"fields\": [\"Cc color\", \"Cc code\"]}}]"}}, {"model": "admin.logentry", "pk": 13, "fields": {"action_time": "2022-08-25T20:39:14.235Z", "user": 1, "content_type": 10, "object_id": "1", "object_repr": "Emergency Services", "action_flag": 2, "change_message": "[{\"changed\": {\"fields\": [\"Name\", \"Hospitals\"]}}]"}}, {"model": "admin.logentry", "pk": 14, "fields": {"action_time": "2022-08-25T20:39:37.339Z", "user": 1, "content_type": 10, "object_id": "2", "object_repr": "Physician Services", "action_flag": 1, "change_message": "[{\"added\": {}}]"}}, {"model": "admin.logentry", "pk": 15, "fields": {"action_time": "2022-08-25T20:40:00.282Z", "user": 1, "content_type": 10, "object_id": "2", "object_repr": "Physician Services", "action_flag": 2, "change_message": "[]"}}, {"model": "admin.logentry", "pk": 16, "fields": {"action_time": "2022-08-25T20:40:20.946Z", "user": 1, "content_type": 10, "object_id": "3", "object_repr": "Case Management Services", "action_flag": 1, "change_message": "[{\"added\": {}}]"}}, {"model": "admin.logentry", "pk": 17, "fields": {"action_time": "2022-08-25T20:40:35.267Z", "user": 1, "content_type": 10, "object_id": "4", "object_repr": "Intensive Care-Med/Surg Unit", "action_flag": 1, "change_message": "[{\"added\": {}}]"}}, {"model": "admin.logentry", "pk": 18, "fields": {"action_time": "2022-08-25T20:41:42.072Z", "user": 1, "content_type": 10, "object_id": "5", "object_repr": "ICU Nursery", "action_flag": 1, "change_message": "[{\"added\": {}}]"}}, {"model": "admin.logentry", "pk": 19, "fields": {"action_time": "2022-08-25T20:42:07.296Z", "user": 1, "content_type": 10, "object_id": "6", "object_repr": "Surgical-6N", "action_flag": 1, "change_message": "[{\"added\": {}}]"}}, {"model": "admin.logentry", "pk": 20, "fields": {"action_time": "2022-08-25T20:42:17.825Z", "user": 1, "content_type": 10, "object_id": "7", "object_repr": "Medical/Surgical-4NE", "action_flag": 1, "change_message": "[{\"added\": {}}]"}}, {"model": "admin.logentry", "pk": 21, "fields": {"action_time": "2022-08-25T20:42:39.808Z", "user": 1, "content_type": 10, "object_id": "8", "object_repr": "Family Care Center", "action_flag": 1, "change_message": "[{\"added\": {}}]"}}, {"model": "admin.logentry", "pk": 22, "fields": {"action_time": "2022-08-25T20:42:49.490Z", "user": 1, "content_type": 10, "object_id": "9", "object_repr": "Antepartum Unit", "action_flag": 1, "change_message": "[{\"added\": {}}]"}}, {"model": "admin.logentry", "pk": 23, "fields": {"action_time": "2022-08-25T20:43:00.139Z", "user": 1, "content_type": 10, "object_id": "10", "object_repr": "Intermediate Care (ITC)", "action_flag": 1, "change_message": "[{\"added\": {}}]"}}, {"model": "admin.logentry", "pk": 24, "fields": {"action_time": "2022-08-25T20:43:12.791Z", "user": 1, "content_type": 10, "object_id": "11", "object_repr": "Inpatient Service", "action_flag": 1, "change_message": "[{\"added\": {}}]"}}, {"model": "admin.logentry", "pk": 25, "fields": {"action_time": "2022-08-25T20:43:27.214Z", "user": 1, "content_type": 10, "object_id": "12", "object_repr": "L & D Parent education", "action_flag": 1, "change_message": "[{\"added\": {}}]"}}, {"model": "admin.logentry", "pk": 26, "fields": {"action_time": "2022-08-25T20:43:37.936Z", "user": 1, "content_type": 10, "object_id": "13", "object_repr": "Surgery", "action_flag": 1, "change_message": "[{\"added\": {}}]"}}, {"model": "admin.logentry", "pk": 27, "fields": {"action_time": "2022-08-25T20:43:48.283Z", "user": 1, "content_type": 10, "object_id": "14", "object_repr": "Sterile Processing", "action_flag": 1, "change_message": "[{\"added\": {}}]"}}, {"model": "admin.logentry", "pk": 28, "fields": {"action_time": "2022-08-25T20:43:57.369Z", "user": 1, "content_type": 10, "object_id": "15", "object_repr": "Lab-Clinical", "action_flag": 1, "change_message": "[{\"added\": {}}]"}}, {"model": "admin.logentry", "pk": 29, "fields": {"action_time": "2022-08-25T20:44:17.549Z", "user": 1, "content_type": 10, "object_id": "16", "object_repr": "Plant Operations", "action_flag": 1, "change_message": "[{\"added\": {}}]"}}, {"model": "admin.logentry", "pk": 30, "fields": {"action_time": "2022-08-25T20:44:27.651Z", "user": 1, "content_type": 10, "object_id": "17", "object_repr": "Environmental Services", "action_flag": 1, "change_message": "[{\"added\": {}}]"}}, {"model": "admin.logentry", "pk": 31, "fields": {"action_time": "2022-08-25T20:45:11.283Z", "user": 1, "content_type": 11, "object_id": "1", "object_repr": "36010", "action_flag": 2, "change_message": "[{\"changed\": {\"fields\": [\"Cc code\"]}}]"}}, {"model": "admin.logentry", "pk": 32, "fields": {"action_time": "2022-08-25T20:45:48.613Z", "user": 1, "content_type": 11, "object_id": "2", "object_repr": "36070", "action_flag": 1, "change_message": "[{\"added\": {}}]"}}, {"model": "admin.logentry", "pk": 33, "fields": {"action_time": "2022-08-25T20:46:20.680Z", "user": 1, "content_type": 11, "object_id": "3", "object_repr": "36172", "action_flag": 1, "change_message": "[{\"added\": {}}]"}}, {"model": "admin.logentry", "pk": 34, "fields": {"action_time": "2022-08-25T20:46:47.670Z", "user": 1, "content_type": 11, "object_id": "4", "object_repr": "36173", "action_flag": 1, "change_message": "[{\"added\": {}}]"}}, {"model": "admin.logentry", "pk": 35, "fields": {"action_time": "2022-08-25T20:47:15.300Z", "user": 1, "content_type": 11, "object_id": "5", "object_repr": "36181", "action_flag": 1, "change_message": "[{\"added\": {}}]"}}, {"model": "admin.logentry", "pk": 36, "fields": {"action_time": "2022-08-25T20:48:48.618Z", "user": 1, "content_type": 11, "object_id": "6", "object_repr": "36182", "action_flag": 1, "change_message": "[{\"added\": {}}]"}}, {"model": "admin.logentry", "pk": 37, "fields": {"action_time": "2022-08-25T20:49:02.104Z", "user": 1, "content_type": 11, "object_id": "7", "object_repr": "36384", "action_flag": 1, "change_message": "[{\"added\": {}}]"}}, {"model": "admin.logentry", "pk": 38, "fields": {"action_time": "2022-08-25T20:49:35.710Z", "user": 1, "content_type": 11, "object_id": "7", "object_repr": "36384", "action_flag": 2, "change_message": "[{\"changed\": {\"fields\": [\"Cc code\"]}}]"}}, {"model": "admin.logentry", "pk": 39, "fields": {"action_time": "2022-08-25T20:49:53.507Z", "user": 1, "content_type": 11, "object_id": "8", "object_repr": "36385", "action_flag": 1, "change_message": "[{\"added\": {}}]"}}, {"model": "admin.logentry", "pk": 40, "fields": {"action_time": "2022-08-25T20:50:17.881Z", "user": 1, "content_type": 11, "object_id": "9", "object_repr": "36386", "action_flag": 1, "change_message": "[{\"added\": {}}]"}}, {"model": "admin.logentry", "pk": 41, "fields": {"action_time": "2022-08-25T20:50:41.630Z", "user": 1, "content_type": 11, "object_id": "10", "object_repr": "36630", "action_flag": 1, "change_message": "[{\"added\": {}}]"}}, {"model": "admin.logentry", "pk": 42, "fields": {"action_time": "2022-08-25T20:51:03.680Z", "user": 1, "content_type": 11, "object_id": "11", "object_repr": "36901", "action_flag": 1, "change_message": "[{\"added\": {}}]"}}, {"model": "admin.logentry", "pk": 43, "fields": {"action_time": "2022-08-25T20:51:27.170Z", "user": 1, "content_type": 11, "object_id": "12", "object_repr": "37010", "action_flag": 1, "change_message": "[{\"added\": {}}]"}}, {"model": "admin.logentry", "pk": 44, "fields": {"action_time": "2022-08-25T20:51:57.575Z", "user": 1, "content_type": 11, "object_id": "13", "object_repr": "37042", "action_flag": 1, "change_message": "[{\"added\": {}}]"}}, {"model": "admin.logentry", "pk": 45, "fields": {"action_time": "2022-08-25T20:52:14.938Z", "user": 1, "content_type": 11, "object_id": "14", "object_repr": "37400", "action_flag": 1, "change_message": "[{\"added\": {}}]"}}, {"model": "admin.logentry", "pk": 46, "fields": {"action_time": "2022-08-25T20:52:34.514Z", "user": 1, "content_type": 11, "object_id": "15", "object_repr": "37419", "action_flag": 1, "change_message": "[{\"added\": {}}]"}}, {"model": "admin.logentry", "pk": 47, "fields": {"action_time": "2022-08-25T20:52:55.858Z", "user": 1, "content_type": 11, "object_id": "16", "object_repr": "37420", "action_flag": 1, "change_message": "[{\"added\": {}}]"}}, {"model": "admin.logentry", "pk": 48, "fields": {"action_time": "2022-08-25T20:53:17Z", "user": 1, "content_type": 11, "object_id": "17", "object_repr": "37430", "action_flag": 1, "change_message": "[{\"added\": {}}]"}}, {"model": "admin.logentry", "pk": 49, "fields": {"action_time": "2022-08-25T20:56:51.297Z", "user": 1, "content_type": 6, "object_id": "1", "object_repr": "CheckedContent object (1)", "action_flag": 1, "change_message": "[{\"added\": {}}]"}}, {"model": "admin.logentry", "pk": 50, "fields": {"action_time": "2022-08-25T20:58:17.403Z", "user": 1, "content_type": 6, "object_id": "2", "object_repr": "CheckedContent object (2)", "action_flag": 1, "change_message": "[{\"added\": {}}]"}}, {"model": "admin.logentry", "pk": 51, "fields": {"action_time": "2022-08-25T20:59:13.324Z", "user": 1, "content_type": 6, "object_id": "3", "object_repr": "CheckedContent object (3)", "action_flag": 1, "change_message": "[{\"added\": {}}]"}}, {"model": "admin.logentry", "pk": 52, "fields": {"action_time": "2022-08-25T21:00:43.192Z", "user": 1, "content_type": 6, "object_id": "4", "object_repr": "CheckedContent object (4)", "action_flag": 1, "change_message": "[{\"added\": {}}]"}}, {"model": "admin.logentry", "pk": 53, "fields": {"action_time": "2022-08-25T21:01:42.088Z", "user": 1, "content_type": 6, "object_id": "5", "object_repr": "CheckedContent object (5)", "action_flag": 1, "change_message": "[{\"added\": {}}]"}}, {"model": "admin.logentry", "pk": 54, "fields": {"action_time": "2022-08-25T21:02:41.142Z", "user": 1, "content_type": 6, "object_id": "6", "object_repr": "CheckedContent object (6)", "action_flag": 1, "change_message": "[{\"added\": {}}]"}}, {"model": "admin.logentry", "pk": 55, "fields": {"action_time": "2022-08-25T21:17:17.318Z", "user": 1, "content_type": 12, "object_id": "2", "object_repr": "Joe Marino", "action_flag": 1, "change_message": "[{\"added\": {}}]"}}, {"model": "admin.logentry", "pk": 56, "fields": {"action_time": "2022-08-25T21:19:02.476Z", "user": 1, "content_type": 12, "object_id": "2", "object_repr": "Joe Marino", "action_flag": 2, "change_message": "[{\"changed\": {\"fields\": [\"password\"]}}]"}}, {"model": "admin.logentry", "pk": 57, "fields": {"action_time": "2022-08-25T21:19:32.376Z", "user": 1, "content_type": 12, "object_id": "2", "object_repr": "Joe Marino", "action_flag": 2, "change_message": "[{\"changed\": {\"fields\": [\"Superuser status\"]}}]"}}, {"model": "admin.logentry", "pk": 58, "fields": {"action_time": "2022-08-25T21:27:47.929Z", "user": 1, "content_type": 3, "object_id": "1", "object_repr": "Core User", "action_flag": 1, "change_message": "[{\"added\": {}}]"}}, {"model": "admin.logentry", "pk": 59, "fields": {"action_time": "2022-08-25T21:28:07.711Z", "user": 1, "content_type": 12, "object_id": "1", "object_repr": "", "action_flag": 2, "change_message": "[{\"changed\": {\"fields\": [\"Username\", \"First name\", \"Last name\", \"Groups\"]}}]"}}, {"model": "admin.logentry", "pk": 60, "fields": {"action_time": "2022-08-25T21:29:09.197Z", "user": 1, "content_type": 12, "object_id": "1", "object_repr": "", "action_flag": 2, "change_message": "[{\"changed\": {\"fields\": [\"User permissions\"]}}]"}}, {"model": "admin.logentry", "pk": 61, "fields": {"action_time": "2022-08-25T21:31:20.098Z", "user": 1, "content_type": 12, "object_id": "1", "object_repr": "", "action_flag": 2, "change_message": "[{\"changed\": {\"fields\": [\"Email address\", \"Staff status\", \"Superuser status\", \"User permissions\"]}}]"}}, {"model": "admin.logentry", "pk": 62, "fields": {"action_time": "2022-08-25T21:42:38.361Z", "user": 3, "content_type": 12, "object_id": "3", "object_repr": "test", "action_flag": 2, "change_message": "[{\"changed\": {\"fields\": [\"Staff status\"]}}]"}}, {"model": "admin.logentry", "pk": 63, "fields": {"action_time": "2022-08-25T21:46:24.938Z", "user": 3, "content_type": 12, "object_id": "3", "object_repr": "admin", "action_flag": 2, "change_message": "[{\"changed\": {\"fields\": [\"Username\"]}}]"}}, {"model": "admin.logentry", "pk": 64, "fields": {"action_time": "2022-08-25T21:48:18.121Z", "user": 3, "content_type": 7, "object_id": "1", "object_repr": "2020-05-06_Herrick ABRP Final As-Built", "action_flag": 1, "change_message": "[{\"added\": {}}]"}}, {"model": "admin.logentry", "pk": 65, "fields": {"action_time": "2022-08-25T21:48:54.796Z", "user": 3, "content_type": 8, "object_id": "1", "object_repr": "2016-02-01_Herrick_PCW-3E Nurse Call OSHPD Approved Set", "action_flag": 1, "change_message": "[{\"added\": {}}]"}}, {"model": "admin.logentry", "pk": 66, "fields": {"action_time": "2022-08-25T21:53:42.347Z", "user": 3, "content_type": 6, "object_id": "6", "object_repr": "Peralta Tomography Architectural Apr-15-2008", "action_flag": 2, "change_message": "[{\"changed\": {\"fields\": [\"Checked contents\"]}}]"}}, {"model": "admin.logentry", "pk": 67, "fields": {"action_time": "2022-08-25T21:54:44.609Z", "user": 3, "content_type": 6, "object_id": "6", "object_repr": "Peralta Tomography Architectural Apr-15-2008", "action_flag": 2, "change_message": "[]"}}, {"model": "admin.logentry", "pk": 68, "fields": {"action_time": "2022-08-25T21:54:48.014Z", "user": 3, "content_type": 6, "object_id": "5", "object_repr": "South Pavilion, BCHO – Close Out Documentation 14FEB19", "action_flag": 2, "change_message": "[{\"changed\": {\"fields\": [\"Users\"]}}]"}}, {"model": "admin.logentry", "pk": 69, "fields": {"action_time": "2022-08-25T21:54:51.537Z", "user": 3, "content_type": 6, "object_id": "4", "object_repr": "Merritt Rad Rm Remodel", "action_flag": 2, "change_message": "[{\"changed\": {\"fields\": [\"Users\"]}}]"}}, {"model": "admin.logentry", "pk": 70, "fields": {"action_time": "2022-08-25T21:54:54.903Z", "user": 3, "content_type": 6, "object_id": "3", "object_repr": "Revit Data Migration_Herrick Occupancy", "action_flag": 2, "change_message": "[{\"changed\": {\"fields\": [\"Users\"]}}]"}}, {"model": "admin.logentry", "pk": 71, "fields": {"action_time": "2022-08-25T21:54:58.071Z", "user": 3, "content_type": 6, "object_id": "2", "object_repr": "Item 2016-01-13_Ashby_barrier removal phase 1 as-builts and OSHPD_PDF", "action_flag": 2, "change_message": "[{\"changed\": {\"fields\": [\"Users\"]}}]"}}, {"model": "admin.logentry", "pk": 72, "fields": {"action_time": "2022-08-25T21:55:01.080Z", "user": 3, "content_type": 6, "object_id": "1", "object_repr": "1990-01-11 Ashby IR Cath Lab Remodel Rm 1706A_Full Set", "action_flag": 2, "change_message": "[{\"changed\": {\"fields\": [\"Users\"]}}]"}}, {"model": "admin.logentry", "pk": 73, "fields": {"action_time": "2022-08-26T11:24:23.579Z", "user": 3, "content_type": 3, "object_id": "2", "object_repr": "General User", "action_flag": 1, "change_message": "[{\"added\": {}}]"}}, {"model": "admin.logentry", "pk": 74, "fields": {"action_time": "2022-08-26T11:26:10.645Z", "user": 3, "content_type": 3, "object_id": "3", "object_repr": "Read-Only Access", "action_flag": 1, "change_message": "[{\"added\": {}}]"}}, {"model": "admin.logentry", "pk": 75, "fields": {"action_time": "2022-08-26T11:27:13.334Z", "user": 3, "content_type": 12, "object_id": "1", "object_repr": "ky3939", "action_flag": 2, "change_message": "[{\"changed\": {\"fields\": [\"First name\", \"Last name\", \"Email address\", \"Groups\", \"User permissions\"]}}]"}}, {"model": "admin.logentry", "pk": 76, "fields": {"action_time": "2022-08-26T11:28:36.499Z", "user": 3, "content_type": 3, "object_id": "4", "object_repr": "Read & Write Access", "action_flag": 1, "change_message": "[{\"added\": {}}]"}}, {"model": "admin.logentry", "pk": 77, "fields": {"action_time": "2022-08-26T11:30:22.730Z", "user": 3, "content_type": 12, "object_id": "2", "object_repr": "jmang6", "action_flag": 2, "change_message": "[{\"changed\": {\"fields\": [\"Groups\"]}}]"}}, {"model": "admin.logentry", "pk": 78, "fields": {"action_time": "2022-08-26T11:31:14.359Z", "user": 3, "content_type": 12, "object_id": "2", "object_repr": "jmarino", "action_flag": 2, "change_message": "[{\"changed\": {\"fields\": [\"Username\", \"Email address\"]}}]"}}, {"model": "admin.logentry", "pk": 79, "fields": {"action_time": "2022-08-26T11:31:39.867Z", "user": 3, "content_type": 12, "object_id": "1", "object_repr": "brunsonk", "action_flag": 2, "change_message": "[{\"changed\": {\"fields\": [\"Username\", \"Groups\"]}}]"}}, {"model": "admin.logentry", "pk": 80, "fields": {"action_time": "2022-08-26T11:33:04.292Z", "user": 3, "content_type": 12, "object_id": "4", "object_repr": "bouslot", "action_flag": 1, "change_message": "[{\"added\": {}}]"}}, {"model": "admin.logentry", "pk": 81, "fields": {"action_time": "2022-08-26T11:34:17.120Z", "user": 3, "content_type": 12, "object_id": "4", "object_repr": "bouslot", "action_flag": 2, "change_message": "[{\"changed\": {\"fields\": [\"First name\", \"Last name\", \"Email address\", \"Groups\"]}}]"}}, {"model": "admin.logentry", "pk": 82, "fields": {"action_time": "2022-08-26T11:35:58.341Z", "user": 3, "content_type": 12, "object_id": "5", "object_repr": "cannonb", "action_flag": 1, "change_message": "[{\"added\": {}}]"}}, {"model": "admin.logentry", "pk": 83, "fields": {"action_time": "2022-08-26T11:37:05.575Z", "user": 3, "content_type": 12, "object_id": "5", "object_repr": "cannonb", "action_flag": 2, "change_message": "[{\"changed\": {\"fields\": [\"First name\", \"Last name\", \"Email address\", \"Groups\"]}}]"}}, {"model": "admin.logentry", "pk": 84, "fields": {"action_time": "2022-08-26T11:38:58.757Z", "user": 3, "content_type": 3, "object_id": "4", "object_repr": "Read & Write Access", "action_flag": 2, "change_message": "[{\"changed\": {\"fields\": [\"Permissions\"]}}]"}}, {"model": "admin.logentry", "pk": 85, "fields": {"action_time": "2022-08-26T11:41:53.785Z", "user": 3, "content_type": 3, "object_id": "1", "object_repr": "Core User", "action_flag": 2, "change_message": "[{\"changed\": {\"fields\": [\"Permissions\"]}}]"}}, {"model": "admin.logentry", "pk": 86, "fields": {"action_time": "2022-08-26T11:44:20.817Z", "user": 3, "content_type": 6, "object_id": "6", "object_repr": "Peralta Tomography Architectural Apr-15-2008", "action_flag": 2, "change_message": "[{\"changed\": {\"fields\": [\"User\"]}}]"}}, {"model": "admin.logentry", "pk": 87, "fields": {"action_time": "2022-08-26T11:44:31.198Z", "user": 3, "content_type": 6, "object_id": "5", "object_repr": "South Pavilion, BCHO – Close Out Documentation 14FEB19", "action_flag": 2, "change_message": "[{\"changed\": {\"fields\": [\"User\"]}}]"}}, {"model": "admin.logentry", "pk": 88, "fields": {"action_time": "2022-08-26T11:44:50.921Z", "user": 3, "content_type": 6, "object_id": "4", "object_repr": "Merritt Rad Rm Remodel", "action_flag": 2, "change_message": "[{\"changed\": {\"fields\": [\"User\"]}}]"}}, {"model": "admin.logentry", "pk": 89, "fields": {"action_time": "2022-08-26T11:45:02.651Z", "user": 3, "content_type": 6, "object_id": "3", "object_repr": "Revit Data Migration_Herrick Occupancy", "action_flag": 2, "change_message": "[{\"changed\": {\"fields\": [\"User\"]}}]"}}, {"model": "admin.logentry", "pk": 90, "fields": {"action_time": "2022-08-26T11:45:11.276Z", "user": 3, "content_type": 6, "object_id": "3", "object_repr": "Revit Data Migration_Herrick Occupancy", "action_flag": 2, "change_message": "[{\"changed\": {\"fields\": [\"User\"]}}]"}}, {"model": "admin.logentry", "pk": 91, "fields": {"action_time": "2022-08-26T11:45:27.278Z", "user": 3, "content_type": 6, "object_id": "2", "object_repr": "Item 2016-01-13_Ashby_barrier removal phase 1 as-builts and OSHPD_PDF", "action_flag": 2, "change_message": "[{\"changed\": {\"fields\": [\"User\"]}}]"}}, {"model": "admin.logentry", "pk": 92, "fields": {"action_time": "2022-08-26T11:45:37.127Z", "user": 3, "content_type": 6, "object_id": "1", "object_repr": "1990-01-11 Ashby IR Cath Lab Remodel Rm 1706A_Full Set", "action_flag": 2, "change_message": "[{\"changed\": {\"fields\": [\"User\"]}}]"}}, {"model": "admin.logentry", "pk": 93, "fields": {"action_time": "2022-08-26T12:05:44.372Z", "user": 3, "content_type": 7, "object_id": "2", "object_repr": "2011-02-11_Ashby_Infrastructure and NCP Upgrade_Arch Mech Struc_CAD", "action_flag": 1, "change_message": "[{\"added\": {}}]"}}, {"model": "admin.logentry", "pk": 94, "fields": {"action_time": "2022-08-26T12:06:31.608Z", "user": 3, "content_type": 7, "object_id": "3", "object_repr": "1990-01-11 Ashby IR Cath Lab Remodel Rm 1706A_Full Set", "action_flag": 1, "change_message": "[{\"added\": {}}]"}}, {"model": "admin.logentry", "pk": 95, "fields": {"action_time": "2022-08-26T12:07:29.145Z", "user": 3, "content_type": 7, "object_id": "4", "object_repr": "OCC_HER_03", "action_flag": 1, "change_message": "[{\"added\": {}}]"}}, {"model": "admin.logentry", "pk": 96, "fields": {"action_time": "2022-08-26T12:10:08.528Z", "user": 3, "content_type": 7, "object_id": "5", "object_repr": "Merritt Bridge AsBuilts", "action_flag": 1, "change_message": "[{\"added\": {}}]"}}, {"model": "admin.logentry", "pk": 97, "fields": {"action_time": "2022-08-26T12:10:40.891Z", "user": 3, "content_type": 7, "object_id": "6", "object_repr": "Admin 5 East_Increment 2_ Record Dwgs 181203", "action_flag": 1, "change_message": "[{\"added\": {}}]"}}, {"model": "admin.logentry", "pk": 98, "fields": {"action_time": "2022-08-26T12:11:53.767Z", "user": 3, "content_type": 7, "object_id": "7", "object_repr": "Providence-2125 South Building 5th Floor", "action_flag": 1, "change_message": "[{\"added\": {}}]"}}, {"model": "admin.logentry", "pk": 99, "fields": {"action_time": "2022-08-26T12:12:27.953Z", "user": 3, "content_type": 7, "object_id": "8", "object_repr": "Chiller Replacement Project_Record Drawings_Architectural_11-28-21", "action_flag": 1, "change_message": "[{\"added\": {}}]"}}, {"model": "admin.logentry", "pk": 100, "fields": {"action_time": "2022-08-26T12:12:58.645Z", "user": 3, "content_type": 7, "object_id": "9", "object_repr": "Providence_Smoke-Compartments_Life-Safety", "action_flag": 1, "change_message": "[{\"added\": {}}]"}}, {"model": "admin.logentry", "pk": 101, "fields": {"action_time": "2022-08-26T12:14:19.470Z", "user": 3, "content_type": 7, "object_id": "10", "object_repr": "Peralta Ground HVAC Mar-1-2010", "action_flag": 1, "change_message": "[{\"added\": {}}]"}}, {"model": "admin.logentry", "pk": 102, "fields": {"action_time": "2022-08-26T12:15:04.158Z", "user": 3, "content_type": 7, "object_id": "11", "object_repr": "SEBMF P2_SMU 2nd Floor Peralta_PDF_May-25-2012", "action_flag": 1, "change_message": "[{\"added\": {}}]"}}, {"model": "admin.logentry", "pk": 103, "fields": {"action_time": "2022-08-26T12:16:46.172Z", "user": 3, "content_type": 8, "object_id": "2", "object_repr": "Merritt 110321 DPR As-Builts", "action_flag": 1, "change_message": "[{\"added\": {}}]"}}, {"model": "admin.logentry", "pk": 104, "fields": {"action_time": "2022-08-26T12:17:58.679Z", "user": 3, "content_type": 8, "object_id": "3", "object_repr": "Merritt Pharmacy - Structural", "action_flag": 1, "change_message": "[{\"added\": {}}]"}}, {"model": "admin.logentry", "pk": 105, "fields": {"action_time": "2022-08-26T12:19:55.215Z", "user": 3, "content_type": 3, "object_id": "2", "object_repr": "General User", "action_flag": 2, "change_message": "[{\"changed\": {\"fields\": [\"Permissions\"]}}]"}}, {"model": "admin.logentry", "pk": 106, "fields": {"action_time": "2022-08-26T12:21:05.940Z", "user": 3, "content_type": 8, "object_id": "3", "object_repr": "Merritt Pharmacy - Structural", "action_flag": 2, "change_message": "[{\"changed\": {\"fields\": [\"User\"]}}]"}}, {"model": "admin.logentry", "pk": 107, "fields": {"action_time": "2022-08-26T12:21:22.395Z", "user": 3, "content_type": 8, "object_id": "2", "object_repr": "Merritt 110321 DPR As-Builts", "action_flag": 2, "change_message": "[{\"changed\": {\"fields\": [\"User\"]}}]"}}, {"model": "admin.logentry", "pk": 108, "fields": {"action_time": "2022-08-26T12:21:26.719Z", "user": 3, "content_type": 8, "object_id": "2", "object_repr": "Merritt 110321 DPR As-Builts", "action_flag": 2, "change_message": "[{\"changed\": {\"fields\": [\"User\"]}}]"}}, {"model": "admin.logentry", "pk": 109, "fields": {"action_time": "2022-08-26T12:21:43.734Z", "user": 3, "content_type": 8, "object_id": "2", "object_repr": "Merritt 110321 DPR As-Builts", "action_flag": 2, "change_message": "[{\"changed\": {\"fields\": [\"User\"]}}]"}}, {"model": "admin.logentry", "pk": 110, "fields": {"action_time": "2022-08-26T12:21:47.992Z", "user": 3, "content_type": 8, "object_id": "1", "object_repr": "2016-02-01_Herrick_PCW-3E Nurse Call OSHPD Approved Set", "action_flag": 2, "change_message": "[{\"changed\": {\"fields\": [\"User\"]}}]"}}, {"model": "admin.logentry", "pk": 111, "fields": {"action_time": "2022-08-26T12:23:00.681Z", "user": 3, "content_type": 12, "object_id": "3", "object_repr": "admin", "action_flag": 2, "change_message": "[{\"changed\": {\"fields\": [\"First name\", \"Last name\", \"Email address\"]}}]"}}, {"model": "admin.logentry", "pk": 112, "fields": {"action_time": "2022-08-26T12:26:06.567Z", "user": 3, "content_type": 12, "object_id": "3", "object_repr": "admin", "action_flag": 2, "change_message": "[{\"changed\": {\"fields\": [\"First name\", \"Last name\", \"Email address\", \"User permissions\"]}}]"}}, {"model": "admin.logentry", "pk": 114, "fields": {"action_time": "2022-08-28T09:35:35.421Z", "user": 3, "content_type": 12, "object_id": "6", "object_repr": "test", "action_flag": 3, "change_message": ""}}, {"model": "admin.logentry", "pk": 115, "fields": {"action_time": "2022-08-28T09:52:10.478Z", "user": 3, "content_type": 3, "object_id": "1", "object_repr": "Core-User", "action_flag": 2, "change_message": "[{\"changed\": {\"fields\": [\"Name\"]}}]"}}, {"model": "admin.logentry", "pk": 116, "fields": {"action_time": "2022-08-28T09:52:16.007Z", "user": 3, "content_type": 3, "object_id": "2", "object_repr": "General-User", "action_flag": 2, "change_message": "[{\"changed\": {\"fields\": [\"Name\"]}}]"}}, {"model": "admin.logentry", "pk": 117, "fields": {"action_time": "2022-08-28T09:52:36.748Z", "user": 3, "content_type": 3, "object_id": "4", "object_repr": "Read-Write Access", "action_flag": 2, "change_message": "[{\"changed\": {\"fields\": [\"Name\"]}}]"}}, {"model": "admin.logentry", "pk": 118, "fields": {"action_time": "2022-08-28T09:52:48.047Z", "user": 3, "content_type": 3, "object_id": "3", "object_repr": "Read-Only", "action_flag": 2, "change_message": "[{\"changed\": {\"fields\": [\"Name\"]}}]"}}, {"model": "admin.logentry", "pk": 119, "fields": {"action_time": "2022-08-28T09:52:53.527Z", "user": 3, "content_type": 3, "object_id": "4", "object_repr": "Read-Write", "action_flag": 2, "change_message": "[{\"changed\": {\"fields\": [\"Name\"]}}]"}}, {"model": "admin.logentry", "pk": 120, "fields": {"action_time": "2022-09-01T13:36:11.319Z", "user": 3, "content_type": 6, "object_id": "6", "object_repr": "Peralta Tomography Architectural Apr-15-2008", "action_flag": 2, "change_message": "[{\"changed\": {\"fields\": [\"Users\"]}}]"}}, {"model": "admin.logentry", "pk": 121, "fields": {"action_time": "2022-09-01T13:36:44.876Z", "user": 3, "content_type": 6, "object_id": "5", "object_repr": "South Pavilion, BCHO – Close Out Documentation 14FEB19", "action_flag": 2, "change_message": "[{\"changed\": {\"fields\": [\"Users\"]}}]"}}, {"model": "admin.logentry", "pk": 122, "fields": {"action_time": "2022-09-01T13:36:58.280Z", "user": 3, "content_type": 6, "object_id": "4", "object_repr": "Merritt Rad Rm Remodel", "action_flag": 2, "change_message": "[{\"changed\": {\"fields\": [\"Users\"]}}]"}}, {"model": "admin.logentry", "pk": 123, "fields": {"action_time": "2022-09-01T14:07:27.952Z", "user": 3, "content_type": 6, "object_id": "6", "object_repr": "Peralta Tomography Architectural Apr-15-2008", "action_flag": 2, "change_message": "[{\"changed\": {\"fields\": [\"Users\"]}}]"}}, {"model": "admin.logentry", "pk": 124, "fields": {"action_time": "2022-09-01T14:07:34.614Z", "user": 3, "content_type": 6, "object_id": "5", "object_repr": "South Pavilion, BCHO – Close Out Documentation 14FEB19", "action_flag": 2, "change_message": "[{\"changed\": {\"fields\": [\"Users\"]}}]"}}, {"model": "admin.logentry", "pk": 125, "fields": {"action_time": "2022-09-01T14:08:04.678Z", "user": 3, "content_type": 6, "object_id": "3", "object_repr": "Revit Data Migration_Herrick Occupancy", "action_flag": 2, "change_message": "[{\"changed\": {\"fields\": [\"Users\"]}}]"}}, {"model": "admin.logentry", "pk": 126, "fields": {"action_time": "2022-09-01T14:08:17.793Z", "user": 3, "content_type": 6, "object_id": "2", "object_repr": "Item 2016-01-13_Ashby_barrier removal phase 1 as-builts and OSHPD_PDF", "action_flag": 2, "change_message": "[{\"changed\": {\"fields\": [\"Users\"]}}]"}}, {"model": "admin.logentry", "pk": 127, "fields": {"action_time": "2022-09-01T14:08:49.664Z", "user": 3, "content_type": 6, "object_id": "5", "object_repr": "South Pavilion, BCHO – Close Out Documentation 14FEB19", "action_flag": 2, "change_message": "[{\"changed\": {\"fields\": [\"Users\"]}}]"}}, {"model": "admin.logentry", "pk": 128, "fields": {"action_time": "2022-09-01T14:11:12.129Z", "user": 3, "content_type": 8, "object_id": "4", "object_repr": "Ashby_Full Set_4-12-21", "action_flag": 1, "change_message": "[{\"added\": {}}]"}}, {"model": "admin.logentry", "pk": 129, "fields": {"action_time": "2022-09-01T14:12:45.342Z", "user": 3, "content_type": 8, "object_id": "5", "object_repr": "Life Safety Smoke Zone Maps_PER", "action_flag": 1, "change_message": "[{\"added\": {}}]"}}, {"model": "admin.logentry", "pk": 130, "fields": {"action_time": "2022-09-01T14:14:54.187Z", "user": 3, "content_type": 8, "object_id": "6", "object_repr": "ABSMC Providence EBAC Pharmacy", "action_flag": 1, "change_message": "[{\"added\": {}}]"}}, {"model": "admin.logentry", "pk": 131, "fields": {"action_time": "2022-09-01T14:19:43.382Z", "user": 3, "content_type": 6, "object_id": "1", "object_repr": "1990-01-11 Ashby IR Cath Lab Remodel Rm 1706A_Full Set", "action_flag": 2, "change_message": "[{\"changed\": {\"fields\": [\"Users\"]}}]"}}, {"model": "admin.logentry", "pk": 132, "fields": {"action_time": "2022-09-01T14:54:24.297Z", "user": 3, "content_type": 7, "object_id": "11", "object_repr": "SEBMF P2_SMU 2nd Floor Peralta_PDF_May-25-2021", "action_flag": 2, "change_message": "[{\"changed\": {\"fields\": [\"Title\", \"Release date\", \"Revision\", \"Content type\", \"Content subtype\", \"Content format\"]}}]"}}, {"model": "admin.logentry", "pk": 133, "fields": {"action_time": "2022-09-01T14:59:31.116Z", "user": 3, "content_type": 7, "object_id": "12", "object_repr": "HER-06 Base Plan", "action_flag": 2, "change_message": "[{\"changed\": {\"fields\": [\"Content type\"]}}]"}}, {"model": "admin.logentry", "pk": 134, "fields": {"action_time": "2022-09-01T14:59:42.645Z", "user": 3, "content_type": 7, "object_id": "11", "object_repr": "SEBMF P2_SMU 2nd Floor Peralta_PDF_May-25-2021", "action_flag": 2, "change_message": "[{\"changed\": {\"fields\": [\"Content type\"]}}]"}}, {"model": "admin.logentry", "pk": 135, "fields": {"action_time": "2022-09-01T15:01:00.757Z", "user": 3, "content_type": 7, "object_id": "7", "object_repr": "Providence-2125 South Building 5th Floor", "action_flag": 2, "change_message": "[{\"changed\": {\"fields\": [\"Release date\", \"Revision\", \"Content type\", \"Content subtype\", \"Content format\"]}}]"}}, {"model": "admin.logentry", "pk": 136, "fields": {"action_time": "2022-09-01T16:12:14.907Z", "user": 3, "content_type": 7, "object_id": "12", "object_repr": "HER-06 Base Plan", "action_flag": 2, "change_message": "[]"}}, {"model": "admin.logentry", "pk": 137, "fields": {"action_time": "2022-09-01T16:12:20.515Z", "user": 3, "content_type": 7, "object_id": "12", "object_repr": "HER-06 Base Plan", "action_flag": 2, "change_message": "[]"}}, {"model": "admin.logentry", "pk": 138, "fields": {"action_time": "2022-09-01T16:12:30.975Z", "user": 3, "content_type": 7, "object_id": "11", "object_repr": "SEBMF P2_SMU 2nd Floor Peralta_PDF_May-25-2021", "action_flag": 2, "change_message": "[]"}}, {"model": "admin.logentry", "pk": 139, "fields": {"action_time": "2022-09-01T16:14:15.930Z", "user": 3, "content_type": 7, "object_id": "10", "object_repr": "Peralta Ground HVAC Mar-1-2019", "action_flag": 2, "change_message": "[{\"changed\": {\"fields\": [\"Title\", \"Release date\", \"Revision\", \"Content type\", \"Content subtype\", \"Content format\"]}}]"}}, {"model": "admin.logentry", "pk": 140, "fields": {"action_time": "2022-09-01T16:15:21.305Z", "user": 3, "content_type": 7, "object_id": "9", "object_repr": "Providence_Smoke-Compartments_Life-Safety", "action_flag": 2, "change_message": "[{\"changed\": {\"fields\": [\"Release date\", \"Revision\", \"Content type\", \"Content subtype\", \"Content format\"]}}]"}}, {"model": "admin.logentry", "pk": 141, "fields": {"action_time": "2022-09-01T16:15:28.553Z", "user": 3, "content_type": 7, "object_id": "9", "object_repr": "Providence_Smoke-Compartments_Life-Safety", "action_flag": 2, "change_message": "[]"}}, {"model": "admin.logentry", "pk": 142, "fields": {"action_time": "2022-09-01T16:23:02.576Z", "user": 3, "content_type": 7, "object_id": "8", "object_repr": "Chiller Replacement Project_Record Drawings_Architectural_11-28-21", "action_flag": 2, "change_message": "[{\"changed\": {\"fields\": [\"Release date\", \"Revision\", \"Content type\", \"Content subtype\", \"Content format\"]}}]"}}, {"model": "admin.logentry", "pk": 143, "fields": {"action_time": "2022-09-01T16:25:35.996Z", "user": 3, "content_type": 7, "object_id": "7", "object_repr": "Providence-2125 South Building 5th Floor", "action_flag": 2, "change_message": "[]"}}, {"model": "admin.logentry", "pk": 144, "fields": {"action_time": "2022-09-01T16:26:33.744Z", "user": 3, "content_type": 7, "object_id": "6", "object_repr": "Admin 5 East_Increment 2_ Record Dwgs 181203", "action_flag": 2, "change_message": "[{\"changed\": {\"fields\": [\"Release date\", \"Revision\", \"Content type\", \"Content subtype\", \"Content format\"]}}]"}}, {"model": "admin.logentry", "pk": 145, "fields": {"action_time": "2022-09-01T16:27:31.357Z", "user": 3, "content_type": 7, "object_id": "5", "object_repr": "Merritt Bridge AsBuilts", "action_flag": 2, "change_message": "[{\"changed\": {\"fields\": [\"Release date\", \"Revision\", \"Content type\", \"Content subtype\", \"Content format\"]}}]"}}, {"model": "admin.logentry", "pk": 146, "fields": {"action_time": "2022-09-01T16:28:09.930Z", "user": 3, "content_type": 7, "object_id": "5", "object_repr": "Merritt Bridge AsBuilts FullSet", "action_flag": 2, "change_message": "[{\"changed\": {\"fields\": [\"Title\"]}}]"}}, {"model": "admin.logentry", "pk": 147, "fields": {"action_time": "2022-09-01T16:29:08.523Z", "user": 3, "content_type": 7, "object_id": "4", "object_repr": "OCC_HER_03", "action_flag": 2, "change_message": "[{\"changed\": {\"fields\": [\"Release date\", \"Revision\", \"Content type\", \"Content subtype\", \"Content format\"]}}]"}}, {"model": "admin.logentry", "pk": 148, "fields": {"action_time": "2022-09-01T16:30:27.181Z", "user": 3, "content_type": 7, "object_id": "3", "object_repr": "1990-01-11 Ashby IR Cath Lab Remodel Rm 1706A_Full Set", "action_flag": 2, "change_message": "[{\"changed\": {\"fields\": [\"Release date\", \"Revision\", \"Content type\", \"Content subtype\", \"Content format\"]}}]"}}, {"model": "admin.logentry", "pk": 149, "fields": {"action_time": "2022-09-01T16:30:41.575Z", "user": 3, "content_type": 7, "object_id": "5", "object_repr": "Merritt Bridge AsBuilts Full Set", "action_flag": 2, "change_message": "[{\"changed\": {\"fields\": [\"Title\"]}}]"}}, {"model": "admin.logentry", "pk": 150, "fields": {"action_time": "2022-09-01T16:31:32.730Z", "user": 3, "content_type": 7, "object_id": "2", "object_repr": "2011-02-11_Ashby_Infrastructure and NCP Upgrade_Arch Mech Struc_CAD", "action_flag": 2, "change_message": "[{\"changed\": {\"fields\": [\"Release date\", \"Revision\", \"Content type\", \"Content subtype\", \"Content format\"]}}]"}}, {"model": "admin.logentry", "pk": 151, "fields": {"action_time": "2022-09-01T16:32:04.169Z", "user": 3, "content_type": 7, "object_id": "1", "object_repr": "2020-05-06_Herrick ABRP Final As-Built", "action_flag": 2, "change_message": "[{\"changed\": {\"fields\": [\"Release date\", \"Revision\", \"Content type\", \"Content subtype\", \"Content format\"]}}]"}}, {"model": "admin.logentry", "pk": 152, "fields": {"action_time": "2022-09-01T16:48:15.950Z", "user": 3, "content_type": 7, "object_id": "5", "object_repr": "Merritt Bridge As-Builts Full Set", "action_flag": 2, "change_message": "[{\"changed\": {\"fields\": [\"Title\"]}}]"}}, {"model": "admin.logentry", "pk": 153, "fields": {"action_time": "2022-09-01T16:49:24.603Z", "user": 3, "content_type": 7, "object_id": "5", "object_repr": "Merritt Bridge OSHPD Approved Set", "action_flag": 2, "change_message": "[{\"changed\": {\"fields\": [\"Title\"]}}]"}}, {"model": "admin.logentry", "pk": 154, "fields": {"action_time": "2022-09-02T13:02:35.232Z", "user": 3, "content_type": 6, "object_id": "6", "object_repr": "Peralta Tomography Architectural Apr-15-2008", "action_flag": 2, "change_message": "[{\"changed\": {\"fields\": [\"Checkout date\"]}}]"}}, {"model": "admin.logentry", "pk": 155, "fields": {"action_time": "2022-09-09T18:04:16.441Z", "user": 3, "content_type": 7, "object_id": "1", "object_repr": "2020-05-06_Herrick ABRP Final Approved Set", "action_flag": 2, "change_message": "[{\"changed\": {\"fields\": [\"Title\"]}}]"}}, {"model": "admin.logentry", "pk": 156, "fields": {"action_time": "2022-09-09T18:04:38.699Z", "user": 3, "content_type": 7, "object_id": "3", "object_repr": "Ashby IR Cath Lab Remodel Rm 1706A_Approved Set", "action_flag": 2, "change_message": "[{\"changed\": {\"fields\": [\"Title\"]}}]"}}, {"model": "admin.logentry", "pk": 157, "fields": {"action_time": "2022-09-09T18:04:51.663Z", "user": 3, "content_type": 7, "object_id": "3", "object_repr": "Ashby IR Cath Lab Remodel Rm 1706A Approved Set", "action_flag": 2, "change_message": "[{\"changed\": {\"fields\": [\"Title\"]}}]"}}, {"model": "admin.logentry", "pk": 158, "fields": {"action_time": "2022-09-12T13:48:32.213Z", "user": 6, "content_type": 12, "object_id": "3", "object_repr": "deborahd", "action_flag": 2, "change_message": "[{\"changed\": {\"fields\": [\"Username\", \"Staff status\", \"Hospitals\"]}}]"}}, {"model": "admin.logentry", "pk": 159, "fields": {"action_time": "2022-09-12T13:49:25.253Z", "user": 6, "content_type": 12, "object_id": "6", "object_repr": "admin", "action_flag": 2, "change_message": "[{\"changed\": {\"fields\": [\"Username\", \"Hospitals\"]}}]"}}, {"model": "admin.logentry", "pk": 160, "fields": {"action_time": "2022-09-12T13:50:03.062Z", "user": 6, "content_type": 12, "object_id": "1", "object_repr": "brunsonk", "action_flag": 2, "change_message": "[{\"changed\": {\"fields\": [\"Hospitals\"]}}]"}}, {"model": "admin.logentry", "pk": 161, "fields": {"action_time": "2022-09-12T13:51:17.551Z", "user": 6, "content_type": 12, "object_id": "3", "object_repr": "deborahd", "action_flag": 2, "change_message": "[{\"changed\": {\"fields\": [\"Superuser status\"]}}]"}}, {"model": "admin.logentry", "pk": 162, "fields": {"action_time": "2022-09-12T13:52:20.997Z", "user": 6, "content_type": 12, "object_id": "6", "object_repr": "admin", "action_flag": 2, "change_message": "[{\"changed\": {\"fields\": [\"First name\", \"Last name\"]}}]"}}, {"model": "admin.logentry", "pk": 163, "fields": {"action_time": "2022-09-12T13:53:40.882Z", "user": 6, "content_type": 12, "object_id": "5", "object_repr": "cannonb", "action_flag": 2, "change_message": "[{\"changed\": {\"fields\": [\"Hospitals\"]}}]"}}, {"model": "admin.logentry", "pk": 164, "fields": {"action_time": "2022-09-12T13:53:45.924Z", "user": 6, "content_type": 12, "object_id": "4", "object_repr": "bouslot", "action_flag": 2, "change_message": "[{\"changed\": {\"fields\": [\"Hospitals\"]}}]"}}, {"model": "admin.logentry", "pk": 165, "fields": {"action_time": "2022-09-12T13:54:06.555Z", "user": 6, "content_type": 12, "object_id": "4", "object_repr": "bouslot", "action_flag": 2, "change_message": "[]"}}, {"model": "admin.logentry", "pk": 166, "fields": {"action_time": "2022-09-12T13:54:15.610Z", "user": 6, "content_type": 12, "object_id": "3", "object_repr": "deborahd", "action_flag": 2, "change_message": "[]"}}, {"model": "admin.logentry", "pk": 167, "fields": {"action_time": "2022-09-12T13:54:23.982Z", "user": 6, "content_type": 12, "object_id": "2", "object_repr": "jmarino", "action_flag": 2, "change_message": "[]"}}, {"model": "admin.logentry", "pk": 168, "fields": {"action_time": "2022-09-13T12:13:06.433Z", "user": 6, "content_type": 12, "object_id": "6", "object_repr": "admin", "action_flag": 2, "change_message": "[{\"changed\": {\"fields\": [\"Email address\"]}}]"}}, {"model": "admin.logentry", "pk": 169, "fields": {"action_time": "2022-09-13T12:13:49.142Z", "user": 6, "content_type": 12, "object_id": "3", "object_repr": "deborahd", "action_flag": 2, "change_message": "[{\"changed\": {\"fields\": [\"Groups\"]}}]"}}, {"model": "admin.logentry", "pk": 170, "fields": {"action_time": "2022-09-13T12:16:09.588Z", "user": 6, "content_type": 7, "object_id": "11", "object_repr": "SEBMF P2_SMU 2nd Floor Peralta_PDF_May-25-2012", "action_flag": 2, "change_message": "[{\"changed\": {\"fields\": [\"Release date\", \"Revision\", \"Content type\", \"Content subtype\", \"Content format\"]}}]"}}, {"model": "admin.logentry", "pk": 171, "fields": {"action_time": "2022-09-13T12:17:02.501Z", "user": 6, "content_type": 7, "object_id": "10", "object_repr": "Peralta Ground HVAC Mar-1-2010", "action_flag": 2, "change_message": "[{\"changed\": {\"fields\": [\"Release date\", \"Revision\", \"Content type\", \"Content subtype\", \"Content format\"]}}]"}}, {"model": "admin.logentry", "pk": 172, "fields": {"action_time": "2022-09-13T12:17:33.000Z", "user": 6, "content_type": 7, "object_id": "9", "object_repr": "Providence_Smoke-Compartments_Life-Safety", "action_flag": 2, "change_message": "[{\"changed\": {\"fields\": [\"Release date\", \"Revision\", \"Content type\", \"Content subtype\", \"Content format\"]}}]"}}, {"model": "admin.logentry", "pk": 173, "fields": {"action_time": "2022-09-13T12:17:56.390Z", "user": 6, "content_type": 7, "object_id": "8", "object_repr": "Chiller Replacement Project_Record Drawings_Architectural_11-28-21", "action_flag": 2, "change_message": "[{\"changed\": {\"fields\": [\"Release date\", \"Revision\", \"Content type\", \"Content subtype\", \"Content format\"]}}]"}}, {"model": "admin.logentry", "pk": 174, "fields": {"action_time": "2022-09-13T12:18:28.540Z", "user": 6, "content_type": 7, "object_id": "7", "object_repr": "Providence-2125 South Building 5th Floor", "action_flag": 2, "change_message": "[{\"changed\": {\"fields\": [\"Release date\", \"Revision\", \"Content type\", \"Content subtype\", \"Content format\"]}}]"}}, {"model": "admin.logentry", "pk": 175, "fields": {"action_time": "2022-09-13T12:19:07.956Z", "user": 6, "content_type": 7, "object_id": "6", "object_repr": "Admin 5 East_Increment 2_ Record Dwgs 181203", "action_flag": 2, "change_message": "[{\"changed\": {\"fields\": [\"Release date\", \"Revision\", \"Content type\", \"Content subtype\", \"Content format\"]}}]"}}, {"model": "admin.logentry", "pk": 176, "fields": {"action_time": "2022-09-13T12:19:37.766Z", "user": 6, "content_type": 7, "object_id": "12", "object_repr": "HER-06 Base Plan", "action_flag": 2, "change_message": "[{\"changed\": {\"fields\": [\"Release date\"]}}]"}}, {"model": "admin.logentry", "pk": 177, "fields": {"action_time": "2022-09-13T12:19:43.677Z", "user": 6, "content_type": 7, "object_id": "11", "object_repr": "SEBMF P2_SMU 2nd Floor Peralta_PDF_May-25-2012", "action_flag": 2, "change_message": "[{\"changed\": {\"fields\": [\"Release date\"]}}]"}}, {"model": "admin.logentry", "pk": 178, "fields": {"action_time": "2022-09-13T12:19:53.805Z", "user": 6, "content_type": 7, "object_id": "9", "object_repr": "Providence_Smoke-Compartments_Life-Safety", "action_flag": 2, "change_message": "[{\"changed\": {\"fields\": [\"Release date\"]}}]"}}, {"model": "admin.logentry", "pk": 179, "fields": {"action_time": "2022-09-13T12:19:58.398Z", "user": 6, "content_type": 7, "object_id": "8", "object_repr": "Chiller Replacement Project_Record Drawings_Architectural_11-28-21", "action_flag": 2, "change_message": "[{\"changed\": {\"fields\": [\"Release date\"]}}]"}}, {"model": "admin.logentry", "pk": 180, "fields": {"action_time": "2022-09-13T12:20:02.755Z", "user": 6, "content_type": 7, "object_id": "7", "object_repr": "Providence-2125 South Building 5th Floor", "action_flag": 2, "change_message": "[{\"changed\": {\"fields\": [\"Release date\"]}}]"}}, {"model": "admin.logentry", "pk": 181, "fields": {"action_time": "2022-09-13T12:20:10.799Z", "user": 6, "content_type": 7, "object_id": "6", "object_repr": "Admin 5 East_Increment 2_ Record Dwgs 181203", "action_flag": 2, "change_message": "[{\"changed\": {\"fields\": [\"Release date\"]}}]"}}, {"model": "admin.logentry", "pk": 182, "fields": {"action_time": "2022-09-13T12:20:29.788Z", "user": 6, "content_type": 7, "object_id": "5", "object_repr": "Merritt Bridge AsBuilts", "action_flag": 2, "change_message": "[{\"changed\": {\"fields\": [\"Release date\", \"Revision\", \"Content type\", \"Content subtype\", \"Content format\"]}}]"}}, {"model": "admin.logentry", "pk": 183, "fields": {"action_time": "2022-09-13T12:21:18.933Z", "user": 6, "content_type": 7, "object_id": "4", "object_repr": "OCC_HER_03", "action_flag": 2, "change_message": "[{\"changed\": {\"fields\": [\"Release date\", \"Revision\", \"Content type\", \"Content subtype\", \"Content format\"]}}]"}}, {"model": "admin.logentry", "pk": 184, "fields": {"action_time": "2022-09-13T12:21:49.267Z", "user": 6, "content_type": 7, "object_id": "3", "object_repr": "1990-01-11 Ashby IR Cath Lab Remodel Rm 1706A_Full Set", "action_flag": 2, "change_message": "[{\"changed\": {\"fields\": [\"Release date\", \"Revision\", \"Content type\", \"Content subtype\", \"Content format\"]}}]"}}, {"model": "admin.logentry", "pk": 185, "fields": {"action_time": "2022-09-13T12:22:23.935Z", "user": 6, "content_type": 7, "object_id": "2", "object_repr": "2011-02-11_Ashby_Infrastructure and NCP Upgrade_Arch Mech Struc_CAD", "action_flag": 2, "change_message": "[{\"changed\": {\"fields\": [\"Release date\", \"Revision\", \"Content type\", \"Content subtype\", \"Content format\"]}}]"}}, {"model": "admin.logentry", "pk": 186, "fields": {"action_time": "2022-09-13T12:22:46.953Z", "user": 6, "content_type": 7, "object_id": "1", "object_repr": "2020-05-06_Herrick ABRP Final As-Built", "action_flag": 2, "change_message": "[{\"changed\": {\"fields\": [\"Release date\", \"Revision\", \"Content type\", \"Content subtype\", \"Content format\"]}}]"}}, {"model": "auth.permission", "pk": 1, "fields": {"name": "Can add log entry", "content_type": 1, "codename": "add_logentry"}}, {"model": "auth.permission", "pk": 2, "fields": {"name": "Can change log entry", "content_type": 1, "codename": "change_logentry"}}, {"model": "auth.permission", "pk": 3, "fields": {"name": "Can delete log entry", "content_type": 1, "codename": "delete_logentry"}}, {"model": "auth.permission", "pk": 4, "fields": {"name": "Can view log entry", "content_type": 1, "codename": "view_logentry"}}, {"model": "auth.permission", "pk": 5, "fields": {"name": "Can add permission", "content_type": 2, "codename": "add_permission"}}, {"model": "auth.permission", "pk": 6, "fields": {"name": "Can change permission", "content_type": 2, "codename": "change_permission"}}, {"model": "auth.permission", "pk": 7, "fields": {"name": "Can delete permission", "content_type": 2, "codename": "delete_permission"}}, {"model": "auth.permission", "pk": 8, "fields": {"name": "Can view permission", "content_type": 2, "codename": "view_permission"}}, {"model": "auth.permission", "pk": 9, "fields": {"name": "Can add group", "content_type": 3, "codename": "add_group"}}, {"model": "auth.permission", "pk": 10, "fields": {"name": "Can change group", "content_type": 3, "codename": "change_group"}}, {"model": "auth.permission", "pk": 11, "fields": {"name": "Can delete group", "content_type": 3, "codename": "delete_group"}}, {"model": "auth.permission", "pk": 12, "fields": {"name": "Can view group", "content_type": 3, "codename": "view_group"}}, {"model": "auth.permission", "pk": 13, "fields": {"name": "Can add content type", "content_type": 4, "codename": "add_contenttype"}}, {"model": "auth.permission", "pk": 14, "fields": {"name": "Can change content type", "content_type": 4, "codename": "change_contenttype"}}, {"model": "auth.permission", "pk": 15, "fields": {"name": "Can delete content type", "content_type": 4, "codename": "delete_contenttype"}}, {"model": "auth.permission", "pk": 16, "fields": {"name": "Can view content type", "content_type": 4, "codename": "view_contenttype"}}, {"model": "auth.permission", "pk": 17, "fields": {"name": "Can add session", "content_type": 5, "codename": "add_session"}}, {"model": "auth.permission", "pk": 18, "fields": {"name": "Can change session", "content_type": 5, "codename": "change_session"}}, {"model": "auth.permission", "pk": 19, "fields": {"name": "Can delete session", "content_type": 5, "codename": "delete_session"}}, {"model": "auth.permission", "pk": 20, "fields": {"name": "Can view session", "content_type": 5, "codename": "view_session"}}, {"model": "auth.permission", "pk": 21, "fields": {"name": "Can add checked content", "content_type": 6, "codename": "add_checkedcontent"}}, {"model": "auth.permission", "pk": 22, "fields": {"name": "Can change checked content", "content_type": 6, "codename": "change_checkedcontent"}}, {"model": "auth.permission", "pk": 23, "fields": {"name": "Can delete checked content", "content_type": 6, "codename": "delete_checkedcontent"}}, {"model": "auth.permission", "pk": 24, "fields": {"name": "Can view checked content", "content_type": 6, "codename": "view_checkedcontent"}}, {"model": "auth.permission", "pk": 25, "fields": {"name": "Can add hosted content", "content_type": 7, "codename": "add_hostedcontent"}}, {"model": "auth.permission", "pk": 26, "fields": {"name": "Can change hosted content", "content_type": 7, "codename": "change_hostedcontent"}}, {"model": "auth.permission", "pk": 27, "fields": {"name": "Can delete hosted content", "content_type": 7, "codename": "delete_hostedcontent"}}, {"model": "auth.permission", "pk": 28, "fields": {"name": "Can view hosted content", "content_type": 7, "codename": "view_hostedcontent"}}, {"model": "auth.permission", "pk": 29, "fields": {"name": "Can add uploaded content", "content_type": 8, "codename": "add_uploadedcontent"}}, {"model": "auth.permission", "pk": 30, "fields": {"name": "Can change uploaded content", "content_type": 8, "codename": "change_uploadedcontent"}}, {"model": "auth.permission", "pk": 31, "fields": {"name": "Can delete uploaded content", "content_type": 8, "codename": "delete_uploadedcontent"}}, {"model": "auth.permission", "pk": 32, "fields": {"name": "Can view uploaded content", "content_type": 8, "codename": "view_uploadedcontent"}}, {"model": "auth.permission", "pk": 33, "fields": {"name": "Can add hospital", "content_type": 9, "codename": "add_hospital"}}, {"model": "auth.permission", "pk": 34, "fields": {"name": "Can change hospital", "content_type": 9, "codename": "change_hospital"}}, {"model": "auth.permission", "pk": 35, "fields": {"name": "Can delete hospital", "content_type": 9, "codename": "delete_hospital"}}, {"model": "auth.permission", "pk": 36, "fields": {"name": "Can view hospital", "content_type": 9, "codename": "view_hospital"}}, {"model": "auth.permission", "pk": 37, "fields": {"name": "Can add department", "content_type": 10, "codename": "add_department"}}, {"model": "auth.permission", "pk": 38, "fields": {"name": "Can change department", "content_type": 10, "codename": "change_department"}}, {"model": "auth.permission", "pk": 39, "fields": {"name": "Can delete department", "content_type": 10, "codename": "delete_department"}}, {"model": "auth.permission", "pk": 40, "fields": {"name": "Can view department", "content_type": 10, "codename": "view_department"}}, {"model": "auth.permission", "pk": 41, "fields": {"name": "Can add cost_ center", "content_type": 11, "codename": "add_cost_center"}}, {"model": "auth.permission", "pk": 42, "fields": {"name": "Can change cost_ center", "content_type": 11, "codename": "change_cost_center"}}, {"model": "auth.permission", "pk": 43, "fields": {"name": "Can delete cost_ center", "content_type": 11, "codename": "delete_cost_center"}}, {"model": "auth.permission", "pk": 44, "fields": {"name": "Can view cost_ center", "content_type": 11, "codename": "view_cost_center"}}, {"model": "auth.permission", "pk": 45, "fields": {"name": "Can add user", "content_type": 12, "codename": "add_user"}}, {"model": "auth.permission", "pk": 46, "fields": {"name": "Can change user", "content_type": 12, "codename": "change_user"}}, {"model": "auth.permission", "pk": 47, "fields": {"name": "Can delete user", "content_type": 12, "codename": "delete_user"}}, {"model": "auth.permission", "pk": 48, "fields": {"name": "Can view user", "content_type": 12, "codename": "view_user"}}, {"model": "auth.group", "pk": 1, "fields": {"name": "Core User", "permissions": [21, 22, 24, 25, 26, 28, 29, 30, 32, 13, 14, 16, 41, 42, 44, 37, 38, 40, 33, 34, 36, 20]}}, {"model": "auth.group", "pk": 2, "fields": {"name": "General User", "permissions": [12, 21, 24, 25, 28, 29, 32, 13, 16, 44, 40, 36, 48]}}, {"model": "auth.group", "pk": 3, "fields": {"name": "Read-Only Access", "permissions": [12, 28, 44, 40, 36, 20]}}, {"model": "auth.group", "pk": 4, "fields": {"name": "Read & Write Access", "permissions": [21, 22, 23, 24, 25, 26, 27, 28, 29, 30, 31, 32, 13, 14, 15, 16, 41, 42, 43, 44, 37, 38, 39, 40, 33, 34, 35, 36]}}, {"model": "contenttypes.contenttype", "pk": 1, "fields": {"app_label": "admin", "model": "logentry"}}, {"model": "contenttypes.contenttype", "pk": 2, "fields": {"app_label": "auth", "model": "permission"}}, {"model": "contenttypes.contenttype", "pk": 3, "fields": {"app_label": "auth", "model": "group"}}, {"model": "contenttypes.contenttype", "pk": 4, "fields": {"app_label": "contenttypes", "model": "contenttype"}}, {"model": "contenttypes.contenttype", "pk": 5, "fields": {"app_label": "sessions", "model": "session"}}, {"model": "contenttypes.contenttype", "pk": 6, "fields": {"app_label": "contents", "model": "checkedcontent"}}, {"model": "contenttypes.contenttype", "pk": 7, "fields": {"app_label": "contents", "model": "hostedcontent"}}, {"model": "contenttypes.contenttype", "pk": 8, "fields": {"app_label": "contents", "model": "uploadedcontent"}}, {"model": "contenttypes.contenttype", "pk": 9, "fields": {"app_label": "hospitals", "model": "hospital"}}, {"model": "contenttypes.contenttype", "pk": 10, "fields": {"app_label": "hospitals", "model": "department"}}, {"model": "contenttypes.contenttype", "pk": 11, "fields": {"app_label": "hospitals", "model": "cost_center"}}, {"model": "contenttypes.contenttype", "pk": 12, "fields": {"app_label": "users", "model": "user"}}, {"model": "sessions.session", "pk": "4vdgtelgb9cdooqgirhmrcpb2gebxqv6", "fields": {"session_data": ".eJxVjEEOwiAQRe_C2hDCCC0u3XsGMsMMUjWQlHbVeHdt0oVu_3vvbyriupS4dpnjxOqiQJ1-N8L0lLoDfmC9N51aXeaJ9K7og3Z9ayyv6-H-HRTs5VsjsLfJYuAxcwoObDBkcwaQgYNBcF4sn714EQAmz4lyGpGzowENqPcHBDI5JA:1oSEb3:M9RuhicS88MOODAiRZvFoKsHKuEJDWLckJCZ1TjRqOk", "expire_date": "2022-09-11T09:28:49.273Z"}}, {"model": "sessions.session", "pk": "5b7rlmfxg7hdqq2312vlt8w82g45ow9f", "fields": {"session_data": ".eJxVjDsOwjAQBe_iGln2rr-U9JwhWnttHECOlE-FuDtESgHtm5n3EgNtaxu2pczDyOIsUJx-t0T5UfoO-E79Nsk89XUek9wVedBFXicuz8vh_h00Wtq3doFCRkOFE8QA7I1jUtFkA6CS11pZVYGVjjpUW9E5BIzZYgKH1bN4fwDK6Dbc:1oRKW8:P0X7ouaPB9Fd--EZBIlX8KcK18A7AAoohUEM8rzoRfg", "expire_date": "2022-09-08T21:36:00.003Z"}}, {"model": "sessions.session", "pk": "ebj2ogq0ilbu2zf4ld0manghf8aoryrz", "fields": {"session_data": ".eJxVjEEOwiAQRe_C2hDCCC0u3XsGMsMMUjWQlHbVeHdt0oVu_3vvbyriupS4dpnjxOqiQJ1-N8L0lLoDfmC9N51aXeaJ9K7og3Z9ayyv6-H-HRTs5VsjsLfJYuAxcwoObDBkcwaQgYNBcF4sn714EQAmz4lyGpGzowENqPcHBDI5JA:1oU5qS:aTMxQz5ewakBz9zSApGK2ywOEtLzXfwL9KGR2ih1tuM", "expire_date": "2022-09-16T12:32:24.444Z"}}, {"model": "sessions.session", "pk": "gp7aradwbcve1ydfg9ct4y5h9ucx2hsh", "fields": {"session_data": ".eJxVjEEOwiAQRe_C2hDCCC0u3XsGMsMMUjWQlHbVeHdt0oVu_3vvbyriupS4dpnjxOqiQJ1-N8L0lLoDfmC9N51aXeaJ9K7og3Z9ayyv6-H-HRTs5VsjsLfJYuAxcwoObDBkcwaQgYNBcF4sn714EQAmz4lyGpGzowENqPcHBDI5JA:1oTppm:LEWORqgKMrf5gNyl9ffU6viD0Ox2UK98g2DrERgWQkM", "expire_date": "2022-09-15T19:26:38.486Z"}}, {"model": "sessions.session", "pk": "t1haq1d9uph7s4vayi2ul9nnrtkue9bm", "fields": {"session_data": ".eJxVjEEOwiAQRe_C2hCgjIJL9z0DmYFBqoYmpV0Z7y5NutDte-__twi4rSVsjZcwJXEVWpx-GWF8ct1FemC9zzLOdV0mknsiD9vkOCd-3Y7276BgK33tYhrYKLY5KsoWlbL5PHgNSJnBX0xn4JCScdSJZoToDWhr0YE3JD5fAr44hw:1oRKFi:nPeiwmqRqlIYFnFc_3pdUGJSgcO_KRJgv2WydO2CTDw", "expire_date": "2022-09-08T21:19:02.496Z"}}, {"model": "sessions.session", "pk": "txn22xc19nihfujy25hkppb2k8bfw3rh", "fields": {"session_data": ".eJxVjEEOwiAQRe_C2hCgjIJL9z0DmYFBqoYmpV0Z7y5NutDte-__twi4rSVsjZcwJXEVWpx-GWF8ct1FemC9zzLOdV0mknsiD9vkOCd-3Y7276BgK33tYhrYKLY5KsoWlbL5PHgNSJnBX0xn4JCScdSJZoToDWhr0YE3JD5fAr44hw:1oRIqG:Grr__JMdBeKGI3pGZCbY11g3DXdUvTe0tFmgnjmvgpo", "expire_date": "2022-09-08T19:48:40.214Z"}}, {"model": "sessions.session", "pk": "v5fiysejv01fpmk8yri394s2hz8h1o4a", "fields": {"session_data": ".eJxVjDsOwjAQBe_iGllxdvGHkj5niNbeNQ4gR4qTCnF3iJQC2jcz76VG2tYybk2WcWJ1UVadfrdI6SF1B3ynept1muu6TFHvij5o08PM8rwe7t9BoVa-NTpJjB340JENZ9tnJEmGLINxhBChQ3YoOTPHTAYhiwm9WBBx4L16fwDp9jg7:1oXjuc:mwKo6Tn1xk85r7ML1EygHb-2eK1YPOssnBRmait_pic", "expire_date": "2022-09-26T13:55:46.630Z"}}, {"model": "sessions.session", "pk": "yc4ldroc0zisa6ue4jyid972fgp8d5u9", "fields": {"session_data": ".eJxVjEEOwiAQRe_C2hDCCC0u3XsGMsMMUjWQlHbVeHdt0oVu_3vvbyriupS4dpnjxOqiQJ1-N8L0lLoDfmC9N51aXeaJ9K7og3Z9ayyv6-H-HRTs5VsjsLfJYuAxcwoObDBkcwaQgYNBcF4sn714EQAmz4lyGpGzowENqPcHBDI5JA:1oU7kI:Oqhu1Hz58trjCQ8Y6OM5C4XbHsVJX2xzObhITwYexWE", "expire_date": "2022-09-16T14:34:10.196Z"}}, {"model": "contents.hostedcontent", "pk": 1, "fields": {"title": "2020-05-06_Herrick ABRP Final As-Built", "folder_path": "/ ABSMC Campuses / Herrick Campus / As-Builts / PDF", "release_date": "2022-08-08", "revision": 5, "content_type": "Drawings", "content_subtype": "As-Built", "content_format": "PDF", "hospital": 1}}, {"model": "contents.hostedcontent", "pk": 2, "fields": {"title": "2011-02-11_Ashby_Infrastructure and NCP Upgrade_Arch Mech Struc_CAD", "folder_path": "/ ABSMC Campuses / Alta Bates Campus / As-Builts / CAD", "release_date": "2022-08-01", "revision": 1, "content_type": "Drawings", "content_subtype": "As-Built", "content_format": "CAD", "hospital": 2}}, {"model": "contents.hostedcontent", "pk": 3, "fields": {"title": "1990-01-11 Ashby IR Cath Lab Remodel Rm 1706A_Full Set", "folder_path": "/ ABSMC Campuses / Alta Bates Campus / As-Builts / PDF", "release_date": "2022-08-22", "revision": 4, "content_type": "Drawings", "content_subtype": "As-Built", "content_format": "PDF", "hospital": 2}}, {"model": "contents.hostedcontent", "pk": 4, "fields": {"title": "OCC_HER_03", "folder_path": "/ ABSMC Campuses / Herrick Campus / Occupancy Plans", "release_date": "2022-08-19", "revision": 3, "content_type": "Drawings", "content_subtype": "Occupancy Plan", "content_format": "Revit", "hospital": 1}}, {"model": "contents.hostedcontent", "pk": 5, "fields": {"title": "Merritt Bridge AsBuilts", "folder_path": "/ ABSMC Campuses / Summit Campus / ...  / As-Builts / CAD", "release_date": "2022-08-01", "revision": 1, "content_type": "Drawings", "content_subtype": "As-Built", "content_format": "CAD", "hospital": 3}}, {"model": "contents.hostedcontent", "pk": 6, "fields": {"title": "Admin 5 East_Increment 2_ Record Dwgs 181203", "folder_path": "/ ABSMC Campuses / Summit Campus / ...  / As-Builts / PDF", "release_date": "2022-08-01", "revision": 5, "content_type": "Drawings", "content_subtype": "As-Built", "content_format": "PDF", "hospital": 3}}, {"model": "contents.hostedcontent", "pk": 7, "fields": {"title": "Providence-2125 South Building 5th Floor", "folder_path": "/ ABSMC Campuses / Summit Campus / South Pavilion / As-Builts / CAD", "release_date": "2022-08-01", "revision": 2, "content_type": "Drawings", "content_subtype": "As-Built", "content_format": "CAD", "hospital": 4}}, {"model": "contents.hostedcontent", "pk": 8, "fields": {"title": "Chiller Replacement Project_Record Drawings_Architectural_11-28-21", "folder_path": "/ ABSMC Campuses / Summit Campus / South Pavilion / As-Builts / PDF", "release_date": "2022-08-01", "revision": 3, "content_type": "Drawings", "content_subtype": "As-Built", "content_format": "PDF", "hospital": 4}}, {"model": "contents.hostedcontent", "pk": 9, "fields": {"title": "Providence_Smoke-Compartments_Life-Safety", "folder_path": "/ ABSMC Campuses / Summit Campus / ...  / Smoke Compartments and Life Safety / CAD", "release_date": "2022-08-01", "revision": 1, "content_type": "Drawings", "content_subtype": "Smoke Compartment", "content_format": "CAD", "hospital": 4}}, {"model": "contents.hostedcontent", "pk": 10, "fields": {"title": "Peralta Ground HVAC Mar-1-2010", "folder_path": "/ ABSMC Campuses / Summit Campus / Peralta / As-Builts / CAD", "release_date": "2022-09-01", "revision": 1, "content_type": "Drawings", "content_subtype": "As-Built", "content_format": "PDF", "hospital": 5}}, {"model": "contents.hostedcontent", "pk": 11, "fields": {"title": "SEBMF P2_SMU 2nd Floor Peralta_PDF_May-25-2012", "folder_path": "/ ABSMC Campuses / Summit Campus / Peralta / As-Builts / PDF", "release_date": "2022-08-01", "revision": 2, "content_type": "Drawings", "content_subtype": "As-Built", "content_format": "PDF", "hospital": 5}}, {"model": "contents.hostedcontent", "pk": 12, "fields": {"title": "HER-06 Base Plan", "folder_path": "/ ABSMC Campuses / Herrick Campus / Base Plans / CAD", "release_date": "2022-08-01", "revision": 2, "content_type": "Drawings", "content_subtype": "Base Plan", "content_format": "DWG", "hospital": 1}}, {"model": "contents.uploadedcontent", "pk": 1, "fields": {"title": "2016-02-01_Herrick_PCW-3E Nurse Call OSHPD Approved Set", "upload_date": "2022-05-03", "folder_path": "/ ABSMC Campuses / Herrick Campus / As-Builts / PDF", "hospital": 1, "user": 1}}, {"model": "contents.uploadedcontent", "pk": 2, "fields": {"title": "Merritt 110321 DPR As-Builts", "upload_date": "2022-08-26", "folder_path": "/ ABSMC Campuses / Summit Campus / ...  / As-Builts / PDF", "hospital": 3, "user": 2}}, {"model": "contents.uploadedcontent", "pk": 3, "fields": {"title": "Merritt Pharmacy - Structural", "upload_date": "2022-08-08", "folder_path": "/ ABSMC Campuses / Summit Campus / ...  / As-Builts / CAD", "hospital": 3, "user": 2}}, {"model": "contents.uploadedcontent", "pk": 4, "fields": {"title": "Ashby_Full Set_4-12-21", "upload_date": "2022-08-30", "folder_path": "/ ABSMC Campuses / Alta Bates Campus / Base Plans / PDF", "hospital": 2, "user": 5}}, {"model": "contents.uploadedcontent", "pk": 5, "fields": {"title": "Life Safety Smoke Zone Maps_PER", "upload_date": "2022-08-29", "folder_path": "/ ABSMC Campuses / Summit Campus / ...  / Smoke Compartments and Life Safety / PDF", "hospital": 5, "user": 1}}, {"model": "contents.uploadedcontent", "pk": 6, "fields": {"title": "ABSMC Providence EBAC Pharmacy", "upload_date": "2022-08-30", "folder_path": "/ ABSMC Campuses / Summit Campus / South Pavilion / As-Builts / CAD", "hospital": 4, "user": 5}}, {"model": "contents.checkedcontent", "pk": 1, "fields": {"title": "1990-01-11 Ashby IR Cath Lab Remodel Rm 1706A_Full Set", "checkout_date": "2022-08-02", "folder_path": "/ ABSMC Campuses / Alta Bates Campus / As-Builts / PDF", "hospital": 2, "users": []}}, {"model": "contents.checkedcontent", "pk": 2, "fields": {"title": "Item 2016-01-13_Ashby_barrier removal phase 1 as-builts and OSHPD_PDF", "checkout_date": "2022-08-07", "folder_path": "/ ABSMC Campuses / Alta Bates Campus / As-Builts / PDF", "hospital": 2, "users": []}}, {"model": "contents.checkedcontent", "pk": 3, "fields": {"title": "Revit Data Migration_Herrick Occupancy", "checkout_date": "2022-07-12", "folder_path": "/ ABSMC Campuses / Herrick Campus / Occupancy Plans / Revit Data Migration", "hospital": 1, "users": []}}, {"model": "contents.checkedcontent", "pk": 4, "fields": {"title": "Merritt Rad Rm Remodel", "checkout_date": "2022-06-20", "folder_path": "/ ABSMC Campuses / Summit Campus / ...  / As-Builts / CAD", "hospital": 3, "users": []}}, {"model": "contents.checkedcontent", "pk": 5, "fields": {"title": "South Pavilion, BCHO – Close Out Documentation 14FEB19", "checkout_date": "2022-05-19", "folder_path": "/ ABSMC Campuses / Summit Campus / South Pavilion / As-Builts / PDF", "hospital": 4, "users": []}}, {"model": "contents.checkedcontent", "pk": 6, "fields": {"title": "Peralta Tomography Architectural Apr-15-2008", "checkout_date": "2022-08-29", "folder_path": "/ ABSMC Campuses / Summit Campus / Peralta / As-Builts / CAD", "hospital": 5, "users": []}}, {"model": "hospitals.hospital", "pk": 1, "fields": {"name": "Herrick", "location": "2001 Dwight Avenue, Berkeley CA"}}, {"model": "hospitals.hospital", "pk": 2, "fields": {"name": "Alta Bates", "location": "2450 Ashby Ave, Berkeley CA"}}, {"model": "hospitals.hospital", "pk": 3, "fields": {"name": "Merritt", "location": "350 Hawthorne Ave, Oakland CA"}}, {"model": "hospitals.hospital", "pk": 4, "fields": {"name": "Providence", "location": "3100 Summit Street, Oakland CA"}}, {"model": "hospitals.hospital", "pk": 5, "fields": {"name": "Peralta", "location": "450 30th Street, Oakland CA"}}, {"model": "hospitals.department", "pk": 1, "fields": {"name": "Emergency Services", "hospitals": [1, 2, 3, 4, 5]}}, {"model": "hospitals.department", "pk": 2, "fields": {"name": "Physician Services", "hospitals": [1, 2, 3, 4, 5]}}, {"model": "hospitals.department", "pk": 3, "fields": {"name": "Case Management Services", "hospitals": [1, 2, 3, 4, 5]}}, {"model": "hospitals.department", "pk": 4, "fields": {"name": "Intensive Care-Med/Surg Unit", "hospitals": [1, 2, 3, 4, 5]}}, {"model": "hospitals.department", "pk": 5, "fields": {"name": "ICU Nursery", "hospitals": [1, 2, 3, 4, 5]}}, {"model": "hospitals.department", "pk": 6, "fields": {"name": "Surgical-6N", "hospitals": [1, 2, 3, 4, 5]}}, {"model": "hospitals.department", "pk": 7, "fields": {"name": "Medical/Surgical-4NE", "hospitals": [1, 2, 3, 4, 5]}}, {"model": "hospitals.department", "pk": 8, "fields": {"name": "Family Care Center", "hospitals": [1, 2, 3, 4, 5]}}, {"model": "hospitals.department", "pk": 9, "fields": {"name": "Antepartum Unit", "hospitals": [1, 2, 3, 4, 5]}}, {"model": "hospitals.department", "pk": 10, "fields": {"name": "Intermediate Care (ITC)", "hospitals": [1, 2, 3, 4, 5]}}, {"model": "hospitals.department", "pk": 11, "fields": {"name": "Inpatient Service", "hospitals": [1, 2, 3, 4, 5]}}, {"model": "hospitals.department", "pk": 12, "fields": {"name": "L & D Parent education", "hospitals": [1, 2, 3, 4, 5]}}, {"model": "hospitals.department", "pk": 13, "fields": {"name": "Surgery", "hospitals": [1, 2, 3, 4, 5]}}, {"model": "hospitals.department", "pk": 14, "fields": {"name": "Sterile Processing", "hospitals": [1, 2, 3, 4, 5]}}, {"model": "hospitals.department", "pk": 15, "fields": {"name": "Lab-Clinical", "hospitals": [1, 2, 3, 4, 5]}}, {"model": "hospitals.department", "pk": 16, "fields": {"name": "Plant Operations", "hospitals": [1, 2, 3, 4, 5]}}, {"model": "hospitals.department", "pk": 17, "fields": {"name": "Environmental Services", "hospitals": [1, 2, 3, 4, 5]}}, {"model": "hospitals.department", "pk": 18, "fields": {"name": "My new department", "hospitals": [1]}}, {"model": "hospitals.department", "pk": 19, "fields": {"name": "HTTP TEST", "hospitals": [5]}}, {"model": "hospitals.cost_center", "pk": 1, "fields": {"cc_color": "Green", "cc_code": 36010, "department": 1}}, {"model": "hospitals.cost_center", "pk": 2, "fields": {"cc_color": "Orange", "cc_code": 36070, "department": 2}}, {"model": "hospitals.cost_center", "pk": 3, "fields": {"cc_color": "Red", "cc_code": 36172, "department": 3}}, {"model": "hospitals.cost_center", "pk": 4, "fields": {"cc_color": "Yellow", "cc_code": 36173, "department": 4}}, {"model": "hospitals.cost_center", "pk": 5, "fields": {"cc_color": "Mellow", "cc_code": 36181, "department": 5}}, {"model": "hospitals.cost_center", "pk": 6, "fields": {"cc_color": "Blue", "cc_code": 36182, "department": 6}}, {"model": "hospitals.cost_center", "pk": 7, "fields": {"cc_color": "Brown", "cc_code": 36384, "department": 7}}, {"model": "hospitals.cost_center", "pk": 8, "fields": {"cc_color": "Ruby", "cc_code": 36385, "department": 8}}, {"model": "hospitals.cost_center", "pk": 9, "fields": {"cc_color": "Mulberry", "cc_code": 36386, "department": 9}}, {"model": "hospitals.cost_center", "pk": 10, "fields": {"cc_color": "Fossil", "cc_code": 36630, "department": 10}}, {"model": "hospitals.cost_center", "pk": 11, "fields": {"cc_color": "Forest", "cc_code": 36901, "department": 11}}, {"model": "hospitals.cost_center", "pk": 12, "fields": {"cc_color": "Gold", "cc_code": 37010, "department": 12}}, {"model": "hospitals.cost_center", "pk": 13, "fields": {"cc_color": "Salmon", "cc_code": 37042, "department": 13}}, {"model": "hospitals.cost_center", "pk": 14, "fields": {"cc_color": "Yale", "cc_code": 37400, "department": 14}}, {"model": "hospitals.cost_center", "pk": 15, "fields": {"cc_color": "Cedar", "cc_code": 37419, "department": 15}}, {"model": "hospitals.cost_center", "pk": 16, "fields": {"cc_color": "Hibiscus", "cc_code": 37420, "department": 16}}, {"model": "hospitals.cost_center", "pk": 17, "fields": {"cc_color": "Shadow", "cc_code": 37430, "department": 17}}, {"model": "users.user", "pk": 1, "fields": {"password": "pbkdf2_sha256$216000$lJSMB0znvXSM$5VWHuDCEypFQw1Na/SQuUEajnk4JllxehKY9ow5tdwM=", "last_login": "2022-08-25T19:52:05Z", "is_superuser": false, "username": "brunsonk", "first_name": "Kelly", "last_name": "Brunson", "email": "brunsonk@sutterhealth.org", "is_staff": false, "is_active": true, "date_joined": "2022-08-25T19:48:21Z", "groups": [2], "user_permissions": [12, 21, 22, 23, 24, 25, 26, 27, 28, 29, 30, 31, 32, 13, 14, 15, 16, 44, 40, 36, 20], "hospitals": [4]}}, {"model": "users.user", "pk": 2, "fields": {"password": "pbkdf2_sha256$216000$yBKUkAn7uWOO$MArRn8Ryb+WsdKw+hId6RGZw6Sp0lt91B4HYCVAz480=", "last_login": null, "is_superuser": false, "username": "jmarino", "first_name": "Joe", "last_name": "Marino", "email": "jmarino@sutterhealth.org", "is_staff": false, "is_active": true, "date_joined": "2022-08-25T21:11:51Z", "groups": [1], "user_permissions": [], "hospitals": [2]}}, {"model": "users.user", "pk": 3, "fields": {"password": "pbkdf2_sha256$216000$5OBW9vd0Fmmx$e7h3CBEd2nREQqSOL73UKzf0V5JHs8TX4sCKMlsgGgE=", "last_login": "2022-08-25T21:35:59Z", "is_superuser": false, "username": "deborahd", "first_name": "Deborah", "last_name": "Daniels", "email": "ddaniels@sutterhealth.org", "is_staff": false, "is_active": true, "date_joined": "2022-08-25T21:35:54Z", "groups": [4], "user_permissions": [1, 2, 3, 4, 9, 10, 11, 12, 5, 6, 7, 8, 21, 22, 23, 24, 25, 26, 27, 28, 29, 30, 31, 32, 13, 14, 15, 16, 41, 42, 43, 44, 37, 38, 39, 40, 33, 34, 35, 36, 17, 18, 19, 20, 45, 46, 47, 48], "hospitals": [2]}}, {"model": "users.user", "pk": 4, "fields": {"password": "pbkdf2_sha256$216000$1kn4gYign8PO$es5y6pPkya7DKq20Uvg25OcY0s+1408B0+asBn/n3Sk=", "last_login": null, "is_superuser": false, "username": "bouslot", "first_name": "Tim", "last_name": "Bouslog", "email": "bouslot@sutterhealth.org", "is_staff": false, "is_active": true, "date_joined": "2022-08-26T11:33:04Z", "groups": [3], "user_permissions": [], "hospitals": [3]}}, {"model": "users.user", "pk": 5, "fields": {"password": "pbkdf2_sha256$216000$fG8eVzbUqT9x$zWTb+F3zFnVMGXQytkyMpVNcQBFS5z9BTwA3LknXszI=", "last_login": null, "is_superuser": false, "username": "cannonb", "first_name": "Bryanna", "last_name": "Cannon", "email": "cannonb@sutterhealth.org", "is_staff": false, "is_active": true, "date_joined": "2022-08-26T11:35:58Z", "groups": [4], "user_permissions": [], "hospitals": [1]}}, {"model": "users.user", "pk": 6, "fields": {"password": "pbkdf2_sha256$216000$s1guwX3yBeWl$EQrxG0JFlVLJKv8xLAIiSw1Fb9YQZigfFh+xh8mVW+I=", "last_login": "2022-09-12T13:55:46Z", "is_superuser": true, "username": "admin", "first_name": "Jessica", "last_name": "Yang", "email": "jyang@sutterhealth.org", "is_staff": true, "is_active": true, "date_joined": "2022-09-12T13:40:40Z", "groups": [], "user_permissions": [], "hospitals": [1, 2, 3, 4, 5]}}]